{"cameraMode":{"drawMode":0,"name":"Shaded","section":"Shading Mode"},"sceneLighting":true,"audioPlay":false,"sceneViewState":{"m_AlwaysRefresh":false,"showFog":true,"showSkybox":true,"showFlares":true,"showImageEffects":true,"showParticleSystems":true,"showVisualEffectGraphs":true,"m_FxEnabled":true},"in2DMode":false,"pivot":{"x":3.8535890579223635,"y":-0.29523563385009768,"z":-1.4854919910430909},"rotation":{"x":0.5353246331214905,"y":-0.0038008366245776417,"z":0.002409010659903288,"w":0.844635546207428},"size":13.216174125671387,"orthographic":true}